landArea_SqMi,popDensity,unemployRate,medianAge,percentOfPopOver65,medianHouseIncome,medianWorkerEarning,percentOfPopWithBADegreeOrHigher,percentOfPopInSciOrEngineering,percentOfPopInBusiness,percentOfPopInEducation,percentOfPopInArtsOrHumanitiesOrOther,percentOfPopWithBADegreeOrHigher,percentOfPop_informationIndustryWorkers,percentOfPop_ServiceOccupations,percentOfPop_salesAndOfficeOccupations,percentOfPop_naturalResourcesOrConstructionMaintenanceOccupations,percentOfPop_productionOrTransportationOccupations,percentOfPop_passedHighSchool,percentOfPop_WhitePlus,percentOfPop_Black,percentOfPop_NativeAmericanPlus,percentOfPop_AsianPlus,percentOfPop_PacificIslanderPlus,percentOfPop_Mixed,percentOfPop_Other
50.11,91.44,1.00,28.80,9.41,89000.00,40781.00,18.55,9.76,1.29,2.86,0.05,18.55,1.18,10.67,14.78,5.39,6.35,84.70,30.60,3.00,67.40,3.40,0.70,6.70,2.10
8.08,243.07,1.00,35.70,21.28,48371.00,35262.00,8.45,4.28,0.41,2.75,0.01,8.45,0.71,6.98,10.13,10.44,11.30,72.35,88.20,0.00,0.90,2.90,0.00,8.00,9.80
30.70,701.50,0.50,37.50,19.17,58662.00,34471.00,25.85,9.08,5.00,4.74,0.07,25.85,0.72,9.17,11.36,5.55,9.45,86.16,73.20,23.90,2.00,3.20,0.30,3.40,1.10
113.50,140.57,0.00,35.20,11.45,37530.00,26586.00,6.64,2.91,1.80,1.28,0.01,6.64,0.00,6.69,4.61,2.50,4.11,65.17,74.30,9.50,3.80,3.10,4.10,3.10,8.40
517.00,2380.13,0.50,33.50,14.52,57957.00,38010.00,25.21,10.48,6.04,3.08,0.06,25.21,1.48,14.13,16.09,6.15,8.52,83.31,75.50,8.40,3.10,4.70,0.50,3.80,11.90
123.00,1274.69,0.00,37.20,17.83,47996.00,35377.00,34.72,15.48,7.70,4.05,0.07,34.72,2.07,9.91,14.58,3.34,7.09,87.40,52.40,42.90,1.00,3.70,0.10,2.40,2.40
19.83,1351.44,0.00,40.10,19.58,152446.00,97381.00,64.69,39.95,11.57,2.41,0.11,64.69,4.54,4.46,11.39,1.48,3.00,93.80,47.90,3.30,0.50,50.80,0.50,4.60,1.90
503.00,6407.33,1.00,35.80,15.90,62474.00,32036.00,29.80,12.74,5.09,1.50,0.10,29.80,3.73,12.77,13.05,4.75,7.79,78.03,55.30,10.00,1.50,13.20,0.40,3.60,23.50
154.90,3651.91,0.00,34.60,14.85,68377.00,46258.00,47.16,21.70,10.03,2.56,0.13,47.16,2.38,11.30,13.85,5.48,5.84,90.15,79.40,10.70,2.20,4.90,0.30,3.60,6.40
2369.00,1.18,0.00,38.40,65.70,45238.00,26020.00,52.59,19.79,9.81,16.27,0.07,52.59,0.00,7.94,12.03,20.15,12.36,85.60,85.40,6.70,0.80,0.60,0.00,1.50,7.90
6.19,2449.47,1.00,39.60,20.04,53540.00,38073.00,17.19,6.34,4.18,2.17,0.05,17.19,1.06,10.41,17.22,6.50,9.97,86.58,76.80,15.90,0.70,2.70,0.40,6.20,10.20
10.92,4101.47,1.00,35.80,16.78,58112.00,35477.00,19.88,9.03,3.88,2.15,0.05,19.88,0.89,13.72,14.28,5.51,9.15,85.98,67.40,23.20,1.10,5.00,0.00,4.20,7.50
2.73,879.85,0.00,28.20,24.27,39675.00,26044.00,12.74,6.58,0.87,1.42,0.04,12.74,1.04,21.32,6.83,6.20,12.95,86.55,57.60,45.70,2.20,2.20,0.00,4.20,0.00
9.86,858.94,0.00,37.20,25.60,49602.00,35008.00,21.46,8.06,4.64,3.38,0.05,21.46,0.46,9.20,11.29,5.19,11.00,82.29,69.70,25.80,3.20,3.10,0.20,6.00,5.70
113.70,1966.68,0.50,33.90,13.93,48511.00,31307.00,36.12,16.52,8.82,3.28,0.08,36.12,1.50,14.35,17.02,3.84,6.85,91.85,63.40,27.00,0.60,5.20,0.20,3.20,7.10
14.58,255.28,0.00,31.60,24.31,39080.00,23928.00,9.86,4.00,1.07,2.71,0.02,9.86,0.00,7.76,11.47,18.32,3.17,65.26,90.70,12.10,2.50,0.90,0.50,7.40,1.90
136.80,2917.07,1.00,33.20,13.86,55279.00,43826.00,45.00,19.06,10.95,2.62,0.12,45.00,2.45,8.77,12.72,1.79,5.15,93.69,42.10,53.20,0.90,5.10,0.10,2.40,1.30
3.41,317.02,0.50,33.80,8.23,73581.00,45000.00,21.44,6.10,5.73,2.50,0.07,21.44,0.37,7.39,19.32,3.05,6.84,80.50,65.50,35.80,0.70,2.80,0.50,5.00,0.40
2.46,615.04,0.00,50.10,38.73,32730.00,32279.00,48.65,22.60,7.27,6.15,0.13,48.65,0.40,19.83,9.85,3.04,0.00,96.36,89.00,0.20,1.30,12.30,10.10,13.70,5.30
3.52,122.44,0.50,42.10,33.41,52396.00,25089.00,10.67,3.71,1.16,3.94,0.02,10.67,0.46,10.67,12.06,8.12,5.57,87.94,94.70,0.00,2.70,0.00,0.00,0.00,2.60
84.73,2130.77,0.50,37.90,19.48,56798.00,35022.00,38.07,18.65,7.45,3.09,0.09,38.07,1.43,11.28,14.91,4.23,5.60,76.12,92.10,2.70,1.70,4.50,0.30,3.30,2.10
234.00,9408.92,1.00,34.90,15.88,57238.00,40088.00,33.84,14.02,7.44,2.48,0.10,33.84,1.40,11.86,12.77,3.13,8.05,84.58,51.60,31.20,0.80,7.40,0.10,2.70,11.70
1.42,1256.34,0.00,42.30,20.40,30393.00,32383.00,23.60,10.82,1.96,7.51,0.03,23.60,0.78,12.00,18.50,5.61,7.74,87.16,99.20,0.00,0.00,1.40,0.00,0.60,0.00
12.39,1362.87,1.00,36.30,21.97,23509.00,27099.00,13.69,4.73,3.01,2.50,0.03,13.69,0.75,12.90,13.06,4.19,14.11,82.23,90.00,6.00,0.20,0.60,0.10,3.00,6.20
17.95,1424.62,0.50,35.40,22.19,48399.00,29949.00,18.18,7.09,2.75,4.52,0.04,18.18,0.52,9.28,12.90,5.38,17.61,75.74,92.10,4.60,0.40,1.70,0.30,3.70,4.70
0.60,495.80,0.50,52.50,32.54,28542.00,29167.00,14.58,4.41,1.69,6.78,0.02,14.58,0.34,10.51,14.58,6.44,18.31,94.58,99.40,1.20,0.60,0.00,0.00,1.50,0.30
3.47,579.37,0.00,41.60,29.89,57132.00,35224.00,22.13,7.56,5.07,5.72,0.04,22.13,0.20,11.83,8.50,3.28,12.68,87.07,97.40,1.40,1.90,0.70,0.00,1.40,0.00
0.27,479.70,0.00,43.80,30.00,48125.00,30729.00,13.85,6.92,0.00,4.62,0.02,13.85,0.77,24.62,0.00,12.31,5.38,75.38,97.90,7.50,0.00,0.00,0.00,5.50,0.00
6.92,1105.65,1.00,37.40,20.47,30084.00,22401.00,14.13,4.17,2.61,3.31,0.04,14.13,0.20,8.81,8.13,5.53,9.06,77.50,82.10,14.40,1.00,0.90,0.10,2.10,3.60
1.21,1165.29,1.00,47.80,28.72,48924.00,28235.00,11.77,7.09,1.13,2.20,0.01,11.77,0.99,7.16,12.20,2.06,8.30,86.10,98.90,0.80,0.40,0.00,0.00,0.30,0.30
14.56,1795.47,1.00,36.60,17.29,43780.00,30923.00,17.13,7.39,4.03,2.41,0.03,17.13,0.49,9.35,12.29,6.30,7.13,78.91,67.20,26.80,8.00,1.10,0.00,3.50,0.90
349.80,911.60,1.00,37.30,18.04,38423.00,31346.00,32.47,13.77,6.39,2.77,0.10,32.47,1.16,12.68,10.86,3.46,5.10,85.44,35.60,60.80,0.60,3.30,0.10,1.80,1.60
38.37,145.56,0.50,48.90,32.41,60993.00,31673.00,36.76,14.23,3.94,5.44,0.13,36.76,0.25,9.47,11.75,3.53,3.87,93.34,97.60,1.70,1.40,0.00,0.30,1.20,0.30
17.33,900.69,1.00,40.90,19.99,55563.00,35224.00,27.64,12.54,4.67,2.98,0.07,27.64,1.77,13.40,16.27,4.85,6.46,90.52,95.70,4.20,1.40,1.80,0.00,3.40,0.40
3.34,2268.56,1.00,23.40,16.88,39247.00,11105.00,14.85,6.32,2.26,3.01,0.03,14.85,1.40,10.55,12.92,2.44,4.14,92.78,83.20,15.00,0.90,4.20,0.00,3.20,0.50
3.86,1104.40,1.00,27.90,12.74,58375.00,25414.00,20.03,10.16,3.52,2.53,0.04,20.03,0.59,17.71,13.11,4.76,6.36,82.97,63.90,31.20,2.10,7.30,0.00,5.50,1.30
89.63,6484.54,1.00,32.10,14.18,65883.00,39592.00,42.70,21.34,7.78,1.84,0.12,42.70,1.50,12.92,12.31,2.61,4.30,88.56,57.00,28.80,0.90,10.70,0.20,5.10,7.80
35.75,685.12,0.50,39.20,19.35,64850.00,31684.00,45.10,20.96,3.50,2.92,0.18,45.10,1.80,10.34,8.73,2.68,3.84,90.71,91.20,3.40,0.90,6.30,0.00,3.50,1.90
23.42,984.12,1.00,39.90,19.67,44878.00,25991.00,13.52,5.32,3.03,2.63,0.03,13.52,0.92,10.93,12.92,4.95,11.42,83.12,90.30,11.00,0.90,1.20,0.10,3.80,0.50
142.90,3682.65,1.00,35.00,17.89,29481.00,25389.00,12.87,5.16,2.55,1.71,0.03,12.87,0.72,12.00,9.54,2.77,9.87,77.92,16.00,80.00,1.10,1.90,0.10,1.90,3.20
1.00,669.00,0.00,53.70,35.72,58333.00,30438.00,19.13,5.98,1.20,7.92,0.04,19.13,0.60,6.28,6.88,8.97,12.86,88.04,99.60,0.00,0.00,0.60,0.00,0.30,0.00
0.43,832.94,0.00,29.20,21.75,60313.00,32875.00,22.03,9.89,0.85,3.67,0.08,22.03,0.00,11.02,9.60,8.19,10.45,90.40,90.30,2.80,0.80,1.00,0.60,1.00,5.60
15.01,75.82,0.50,37.30,27.77,36429.00,24130.00,19.24,11.07,1.05,3.87,0.03,19.24,0.53,8.79,6.77,2.81,13.97,83.92,44.30,58.30,0.30,0.00,0.00,2.90,0.00
1.18,857.63,0.50,31.70,18.87,18446.00,20553.00,18.87,5.53,2.96,7.31,0.03,18.87,0.00,14.33,2.96,1.48,4.45,77.17,0.00,99.20,0.80,0.00,0.00,0.00,0.00
10.45,758.95,0.00,39.60,19.08,106000.00,53817.00,43.58,17.26,11.40,5.38,0.10,43.58,2.55,5.11,13.67,3.73,5.57,91.63,91.70,3.40,0.50,3.60,0.30,1.20,1.80
29.08,2085.32,0.50,33.80,15.72,31393.00,23430.00,37.25,17.78,6.02,3.57,0.10,37.25,1.76,15.64,15.18,4.66,5.60,97.37,94.90,1.30,4.00,3.00,0.30,3.90,0.60
43.52,1994.46,0.00,37.60,22.13,57692.00,32853.00,30.35,12.10,5.96,5.27,0.07,30.35,1.74,12.94,14.12,7.17,7.70,93.58,92.70,1.70,6.00,1.60,0.30,3.10,1.10
1.00,1383.00,0.00,47.10,29.14,41064.00,28141.00,18.66,9.98,3.33,3.47,0.02,18.66,1.16,14.82,14.53,8.10,8.17,86.55,99.00,0.40,2.10,1.00,0.00,2.30,0.00
1.18,701.10,0.50,35.00,25.48,47700.00,26757.00,22.10,7.00,4.71,5.68,0.05,22.10,1.21,12.92,14.13,6.88,11.11,91.43,98.10,1.40,1.80,0.20,0.00,1.50,0.00
135.90,3618.76,1.00,38.10,19.94,53575.00,32474.00,21.69,8.71,5.72,2.71,0.05,21.69,0.99,15.74,14.45,4.98,5.95,83.81,66.00,14.10,1.70,8.60,1.50,4.90,13.50
35.90,2176.80,0.50,37.60,22.89,60785.00,34067.00,21.62,10.25,4.40,3.62,0.03,21.62,0.84,12.35,15.88,5.78,9.95,88.17,81.40,3.50,2.50,7.70,1.30,5.00,9.00
62.50,145.33,0.50,42.30,21.67,38315.00,23187.00,10.77,3.75,1.76,2.20,0.03,10.77,0.20,11.57,9.25,3.17,6.24,82.59,90.50,7.80,0.90,0.50,0.20,1.80,1.80
34.98,2625.56,0.50,33.30,15.48,60232.00,36268.00,23.35,10.32,4.67,2.71,0.06,23.35,1.72,12.64,15.97,4.82,9.97,83.88,87.60,7.30,0.60,6.10,0.10,3.00,1.30
4.24,1300.80,0.50,47.50,26.08,95034.00,46068.00,43.86,18.03,9.08,6.43,0.10,43.86,1.96,12.50,13.07,2.61,2.59,91.99,93.00,2.00,0.30,5.40,0.50,2.50,1.40
1.30,2764.25,0.00,53.90,23.83,82175.00,46107.00,46.04,21.27,9.48,3.87,0.11,46.04,2.68,6.77,17.95,5.24,2.62,90.22,98.10,0.70,0.50,1.20,0.00,0.60,0.00
14.86,483.04,1.00,36.50,22.74,35142.00,25379.00,12.84,4.97,1.57,4.29,0.02,12.84,0.98,11.80,9.18,4.43,2.72,77.54,65.20,2.60,24.10,0.80,0.40,4.20,11.60
29.92,1233.66,0.50,34.70,20.40,43481.00,25693.00,14.88,4.49,2.61,4.35,0.03,14.88,0.34,13.02,12.10,7.48,6.75,74.90,85.40,2.50,3.00,1.40,0.00,2.70,10.40
302.60,22671.38,0.50,36.90,18.15,63799.00,40932.00,33.80,14.57,6.26,2.42,0.11,33.80,2.26,13.39,12.27,3.58,5.44,80.78,45.10,25.90,1.10,15.20,0.20,3.50,16.30
4.78,4204.64,1.00,29.10,13.25,37900.00,26290.00,11.61,4.65,2.01,1.72,0.03,11.61,0.64,16.63,11.33,4.84,14.24,71.20,41.70,29.30,1.50,2.00,0.90,5.50,31.60
15.75,796.95,1.00,39.30,23.89,38988.00,26952.00,13.92,5.61,2.25,2.36,0.04,13.92,0.00,12.71,11.10,5.19,10.40,79.42,70.60,26.70,1.00,2.40,0.10,3.00,2.40
9.69,1143.02,0.50,38.40,21.07,35152.00,26965.00,16.68,6.48,4.13,2.62,0.03,16.68,0.71,8.40,13.63,5.94,11.96,79.15,64.40,27.50,1.60,1.00,0.10,4.40,10.00
0.71,393.26,0.00,26.90,17.14,62500.00,40956.00,18.57,6.43,1.43,8.93,0.02,18.57,0.00,12.86,10.36,13.21,17.50,73.21,70.70,1.10,11.90,0.00,0.00,1.10,18.40
1.12,2191.07,0.00,30.70,7.17,78445.00,45921.00,25.79,9.78,4.81,6.15,0.05,25.79,0.57,18.30,16.83,14.71,8.19,93.11,97.10,0.00,3.60,0.00,0.00,0.70,0.00
82.47,3757.27,1.00,36.30,17.66,29953.00,25708.00,14.33,5.92,3.06,1.48,0.04,14.33,0.82,13.06,10.31,3.06,9.48,78.11,43.30,52.60,1.60,3.00,0.10,4.30,4.30
3.18,1062.87,0.50,37.10,21.47,42038.00,27283.00,9.61,3.82,2.13,2.51,0.01,9.61,1.18,14.08,10.38,3.70,12.39,82.90,94.40,6.70,0.50,1.80,0.40,3.90,0.00
10.68,667.70,0.50,32.50,17.14,54609.00,31840.00,17.37,7.57,4.02,2.83,0.03,17.37,1.23,10.87,13.69,7.94,9.38,84.39,86.20,4.60,15.30,1.50,0.30,9.50,1.90
7.78,783.66,0.50,34.90,20.77,40087.00,27934.00,8.89,2.79,1.75,2.97,0.01,8.89,0.16,9.02,10.74,6.15,7.69,80.52,87.20,6.10,9.20,1.20,0.20,5.00,1.30
145.00,3687.90,0.50,37.60,16.29,73097.00,40331.00,46.11,21.44,6.19,2.50,0.16,46.11,1.67,11.14,12.79,3.37,6.59,93.05,82.10,7.40,2.30,10.40,1.10,5.50,2.70
15.84,3108.90,1.00,36.00,17.00,43157.00,26252.00,14.18,6.72,2.10,1.61,0.04,14.18,0.97,13.79,14.74,5.85,11.00,84.82,92.10,1.70,4.30,3.50,1.20,5.70,3.40
3.00,1850.33,1.00,38.70,20.25,31374.00,26759.00,11.13,4.31,2.27,3.31,0.01,11.13,1.10,17.20,13.82,4.09,4.79,87.80,63.80,37.50,0.40,0.40,0.00,1.90,0.10
25.54,2455.48,0.00,37.60,20.40,41773.00,25995.00,16.68,6.09,3.70,2.68,0.04,16.68,0.92,11.06,11.94,3.72,10.96,83.60,86.90,8.30,0.90,5.80,0.10,3.50,2.00
1.29,11209.30,1.00,30.40,9.45,31724.00,20856.00,6.40,3.31,0.91,0.86,0.01,6.40,0.12,15.46,10.30,6.28,19.45,62.99,57.30,16.40,2.70,1.90,0.90,5.60,27.20
11.39,1897.54,0.00,35.60,19.81,65431.00,33825.00,44.02,18.70,8.26,3.70,0.13,44.02,0.96,13.50,10.46,2.95,4.11,92.24,87.20,9.80,2.80,2.40,0.50,4.40,2.30
45.27,111.97,0.00,53.60,35.29,57328.00,20393.00,33.70,12.45,6.73,6.67,0.08,33.70,0.43,11.78,13.71,4.83,5.21,87.49,75.10,20.80,0.50,2.50,0.10,1.40,2.50
4.30,1156.51,1.00,36.60,22.24,34561.00,25651.00,17.27,4.81,3.18,3.12,0.06,17.27,0.00,3.18,4.26,1.39,14.34,82.91,15.90,81.70,0.00,2.40,0.00,0.00,0.00
0.73,987.62,0.00,49.50,41.36,45114.00,32132.00,6.69,1.95,1.53,1.81,0.01,6.69,0.28,8.64,11.42,7.10,11.00,77.72,99.30,0.30,0.00,0.70,0.00,0.30,0.00
1.57,1157.32,0.00,36.70,20.86,47375.00,31250.00,17.34,5.67,3.03,6.27,0.02,17.34,1.32,8.15,19.87,8.26,11.17,87.56,96.70,1.80,1.20,0.00,0.00,0.70,1.00
17.05,194.96,0.00,48.40,22.47,73073.00,36658.00,34.33,16.79,8.39,3.01,0.06,34.33,1.53,7.16,12.88,5.69,9.33,88.18,92.20,6.70,0.30,1.90,0.00,1.30,0.30
2.84,224.81,0.50,45.80,25.08,51250.00,30057.00,8.31,4.08,1.72,0.94,0.02,8.31,0.00,11.44,19.44,5.64,13.01,83.54,98.20,1.80,0.40,0.00,0.00,0.40,0.00
7.51,1825.30,0.50,32.20,24.15,39275.00,25787.00,10.98,4.26,2.09,3.49,0.01,10.98,0.66,10.29,12.90,7.08,4.62,66.22,96.50,0.40,0.10,0.00,0.00,0.30,3.30
385.80,2631.88,0.50,33.30,14.16,50100.00,31594.00,29.24,11.92,8.11,1.94,0.07,29.24,1.43,11.80,14.12,7.93,8.64,79.02,64.50,25.30,1.20,4.00,0.10,2.50,7.70
28.41,1328.83,0.00,27.00,13.74,89428.00,40329.00,46.00,17.20,11.90,5.87,0.11,46.00,2.10,8.40,16.81,4.21,5.94,89.73,95.60,0.60,1.10,3.20,1.50,2.80,1.10
53.63,240.28,0.50,39.20,26.13,52023.00,26247.00,15.93,6.19,2.68,3.38,0.04,15.93,1.13,13.01,12.12,3.55,8.13,89.03,95.80,1.30,2.30,1.40,0.50,1.60,0.30
7.63,475.95,0.50,40.00,22.80,39112.00,30278.00,15.86,6.53,1.54,3.80,0.04,15.86,0.44,9.61,11.81,7.16,5.70,81.16,99.00,1.80,2.30,0.00,0.00,3.00,0.00
2.56,868.15,0.50,43.80,23.75,59464.00,36360.00,24.02,12.30,3.42,4.19,0.04,24.02,0.81,10.77,13.07,6.76,9.78,91.39,99.80,0.20,0.00,0.00,0.00,0.00,0.00
13.00,1056.46,0.50,42.20,24.62,37904.00,23069.00,21.22,9.16,3.63,2.54,0.06,21.22,1.33,10.03,12.15,3.92,8.27,82.36,91.20,9.90,0.70,0.50,0.00,3.50,1.40
2.53,2616.24,0.00,21.70,16.86,36466.00,5330.00,16.52,5.10,1.73,2.10,0.08,16.52,1.30,6.63,8.25,1.59,2.45,93.02,89.90,6.70,1.00,5.20,0.10,3.20,0.40
34.42,2916.24,0.50,34.30,16.30,70278.00,36572.00,23.48,10.76,5.28,2.17,0.05,23.48,0.97,13.48,13.64,5.48,12.43,83.28,53.70,15.80,2.90,22.50,2.30,6.70,10.20
83.78,7289.54,0.50,35.20,15.92,93481.00,52385.00,58.90,31.65,7.87,2.26,0.17,58.90,2.67,9.64,11.64,2.24,4.02,98.40,74.00,9.00,2.00,18.90,0.70,6.80,2.80
2.81,2259.07,0.00,45.40,27.60,42411.00,31128.00,21.72,9.83,4.49,3.26,0.04,21.72,1.28,8.76,18.38,2.87,4.62,90.39,85.30,15.90,0.40,4.30,0.00,4.70,0.00
3.03,742.00,1.00,43.10,28.15,32063.00,25400.00,11.65,4.54,0.62,3.69,0.03,11.65,0.00,10.45,9.03,3.69,4.40,81.01,91.10,11.20,0.80,0.00,0.00,3.10,0.00
101.30,2115.41,0.00,30.50,15.07,62906.00,31452.00,42.70,22.59,5.31,3.64,0.11,42.70,2.22,11.71,12.63,2.37,5.39,95.99,81.60,8.40,1.00,10.40,0.10,3.60,2.20
15.66,3744.06,1.00,34.50,15.68,42761.00,29874.00,13.87,4.65,3.09,2.46,0.04,13.87,0.65,13.86,12.09,4.05,15.63,80.88,68.70,26.50,1.80,1.20,0.10,5.10,7.40
19.37,907.28,0.50,32.70,17.42,75441.00,38557.00,30.16,13.09,4.46,5.97,0.07,30.16,1.63,13.23,19.80,20.63,13.69,87.70,95.80,2.30,2.00,1.40,0.70,2.60,0.80
4.64,873.28,1.00,39.10,22.26,52714.00,27275.00,17.35,5.75,2.02,5.95,0.04,17.35,0.62,9.53,10.91,10.39,11.35,81.22,91.30,1.70,2.70,0.00,0.10,4.10,8.50
15.58,140.56,0.00,46.80,26.00,42877.00,25909.00,12.83,4.43,1.64,5.48,1.28,12.83,2.42,4.61,7.72,1.19,10.68,79.04,60.00,39.70,0.00,0.00,0.00,0.00,0.30
14.98,143.59,0.00,46.20,21.70,28700.00,29737.00,9.44,2.56,1.16,4.23,1.49,9.44,0.00,4.42,12.69,6.37,13.25,79.96,87.90,9.90,0.60,0.30,0.00,3.10,4.40
11.40,598.77,0.50,38.10,15.90,49982.00,32451.00,17.80,3.19,4.91,5.68,4.01,17.80,0.26,6.18,13.76,3.24,9.39,81.80,67.10,30.70,1.20,1.00,0.60,2.10,1.50
15.83,244.28,1.00,41.80,21.00,31989.00,28056.00,14.15,5.02,2.61,5.09,1.42,14.15,0.91,6.21,9.08,4.37,10.45,81.59,48.80,50.70,0.00,0.50,0.00,0.00,0.00
71.47,1.93,0.00,29.10,9.90,71667.00,53750.00,8.70,4.35,1.45,2.90,0.00,8.70,5.07,13.04,16.67,10.14,16.67,78.99,47.80,1.00,18.20,24.10,15.80,22.70,15.80
3.00,79.67,1.00,23.50,2.60,47917.00,19821.00,2.51,0.00,0.00,2.51,0.00,2.51,0.00,11.72,10.46,3.35,5.02,77.82,3.60,0.00,99.00,0.00,0.00,0.00,0.00
75.14,34.38,0.00,44.10,15.10,85970.00,31058.00,29.66,12.04,2.44,2.63,12.54,29.66,1.94,4.34,20.98,21.84,6.23,91.48,75.10,0.70,16.70,9.90,5.40,8.70,1.10
47.94,4.17,1.00,30.70,12.70,51875.00,26750.00,13.50,4.00,0.00,1.50,8.00,13.50,1.00,10.00,17.00,7.00,4.00,89.50,54.10,2.10,60.40,0.00,0.00,19.10,2.50
2.31,46.42,1.00,26.00,5.90,35000.00,15000.00,1.87,1.87,0.00,0.00,0.00,1.87,0.00,14.02,11.21,4.67,10.28,82.24,6.50,0.00,100.00,0.00,0.00,6.50,0.00
110.60,373.01,0.50,36.60,18.90,49069.00,26807.00,14.31,6.02,3.03,2.60,2.66,14.31,0.61,11.93,12.24,4.31,9.66,79.42,77.00,5.20,10.10,2.90,0.60,5.30,10.50
133.10,2890.11,0.50,35.80,16.40,54700.00,30763.00,23.68,9.74,4.71,3.80,5.43,23.68,1.16,11.93,15.32,5.75,6.83,87.86,85.80,5.00,3.30,3.00,0.70,3.40,5.90
34.10,692.67,1.00,28.60,7.20,34122.00,16355.00,6.25,2.42,1.06,1.59,1.19,6.25,0.47,8.46,6.85,18.18,7.41,49.31,75.70,0.50,0.50,0.00,0.10,0.30,23.70
37.56,803.38,1.00,41.50,20.30,34120.00,22091.00,14.98,5.93,3.14,3.12,2.79,14.98,0.54,11.84,13.66,4.40,5.70,82.95,77.90,20.00,1.10,1.50,0.50,3.80,2.90
1.13,295.58,0.50,32.00,16.30,30625.00,24938.00,5.69,4.19,0.00,0.00,1.50,5.69,0.00,8.08,3.29,10.78,14.67,73.35,81.40,21.40,0.00,2.60,0.00,5.40,0.00
9.68,686.05,0.00,31.60,7.00,66994.00,35976.00,25.07,10.81,7.68,2.68,3.90,25.07,0.72,8.03,18.07,5.80,15.55,79.87,90.70,1.70,2.20,3.80,0.00,2.50,4.20
1.88,521.81,1.00,35.00,15.40,24329.00,21754.00,7.24,3.67,1.94,1.12,0.51,7.24,0.61,8.77,11.62,9.68,16.82,75.13,98.10,1.10,0.40,0.90,0.00,0.50,0.00
16.60,2524.88,1.00,32.90,11.60,61647.00,32440.00,15.30,6.07,1.84,2.55,4.84,15.30,0.79,12.65,11.92,8.38,7.35,78.34,78.00,7.20,1.30,6.30,0.70,4.70,11.60
15.81,5856.67,0.50,36.50,11.50,79207.00,39787.00,34.27,14.88,7.99,2.06,9.34,34.27,1.31,14.88,15.37,4.07,5.52,85.04,74.80,2.50,1.10,10.70,0.90,4.00,14.20
13.63,2325.97,0.50,42.50,15.50,102966.00,53018.00,34.80,16.03,6.50,2.07,10.19,34.80,2.08,10.51,14.93,4.16,4.77,91.20,80.70,5.00,2.00,11.80,0.80,6.10,6.40
55.41,1878.25,0.50,43.80,18.30,105485.00,49199.00,40.40,20.07,7.99,2.53,9.82,40.40,2.75,9.59,13.79,2.74,3.75,87.83,86.40,1.80,1.20,11.80,0.30,4.10,2.80
55.67,1576.67,1.00,37.50,17.50,38338.00,25914.00,17.02,8.60,2.26,2.03,4.13,17.02,0.93,10.79,12.47,5.17,6.52,87.42,78.70,3.90,6.60,1.70,0.30,4.40,13.50
7.62,1032.15,1.00,27.90,10.50,34840.00,17364.00,17.56,8.18,2.42,2.48,4.49,17.56,1.16,13.10,11.61,4.20,7.72,83.18,88.40,3.00,5.50,2.20,0.70,3.80,4.40
0.57,8605.82,0.50,30.40,3.90,51026.00,31422.00,39.59,16.50,10.53,1.73,10.82,39.59,3.02,15.24,22.03,6.48,8.15,89.18,74.40,9.50,1.60,7.40,1.40,4.10,9.90
4.19,1375.15,1.00,25.60,9.40,46161.00,15498.00,28.58,11.99,5.02,3.44,8.13,28.58,0.87,19.27,17.31,6.90,7.92,94.91,97.50,2.00,0.80,0.30,0.00,1.30,0.90
40.33,713.12,0.50,44.60,18.60,63576.00,38772.00,20.23,7.61,3.26,3.92,5.43,20.23,1.82,11.58,14.35,5.60,9.83,85.72,91.00,5.20,0.70,3.10,0.40,2.70,2.40
28.95,2909.33,1.00,34.80,12.40,41617.00,30570.00,13.34,5.66,3.24,1.34,3.11,13.34,0.91,13.27,12.21,4.77,9.84,83.04,64.80,24.20,1.30,3.30,0.20,4.80,11.40
19.38,5973.63,1.00,33.80,10.70,45441.00,26664.00,14.84,5.81,3.28,1.48,4.27,14.84,1.04,17.53,11.40,6.04,8.80,75.34,43.20,38.40,1.30,4.30,0.50,4.70,17.50
26.81,1832.23,0.50,40.20,15.80,66829.00,42415.00,23.32,8.22,5.15,2.79,7.16,23.32,3.56,10.83,15.33,4.53,8.77,85.73,87.20,7.30,0.90,3.00,0.10,3.90,5.70
3.52,1374.04,0.00,49.50,19.30,63573.00,39067.00,27.35,7.28,6.04,5.25,8.78,27.35,1.63,5.91,16.14,5.81,6.84,90.74,68.70,30.00,1.30,2.30,0.00,4.10,1.80
0.18,723.48,0.50,38.80,13.90,65627.00,35866.00,5.38,3.85,1.54,0.00,0.00,5.38,0.00,10.00,16.15,3.08,3.85,86.92,100.00,0.00,1.20,0.00,0.00,1.20,0.00
9.41,3235.18,0.00,24.50,12.80,57391.00,13794.00,28.74,15.00,4.25,3.73,5.76,28.74,0.52,10.14,10.25,1.92,3.26,95.84,80.70,10.10,0.70,9.40,0.10,2.80,2.00
1.95,681.68,1.00,37.30,14.50,56833.00,32191.00,11.94,6.91,1.73,1.73,1.58,11.94,1.20,12.01,12.46,6.91,9.98,83.18,86.10,14.40,0.40,0.00,0.00,2.40,1.50
554.00,1.48,0.50,64.30,48.30,70833.00,32875.00,43.52,14.30,10.27,12.35,6.60,43.52,0.00,1.71,15.53,1.22,1.10,94.25,94.60,0.00,5.20,0.20,0.00,0.00,0.00
17.33,1570.86,0.00,45.20,23.90,58804.00,32246.00,28.66,10.80,6.17,5.83,5.87,28.66,1.68,9.65,12.87,3.53,4.77,89.87,80.90,12.70,0.70,6.90,0.20,3.30,2.30
57.76,66.90,1.00,28.90,6.50,27926.00,21850.00,12.86,4.37,8.02,0.47,0.00,12.86,0.00,11.05,5.15,20.52,4.68,50.21,72.20,8.70,0.40,0.00,0.00,0.00,18.70
21.79,777.74,0.00,48.70,24.50,57323.00,35824.00,24.96,9.37,6.66,3.99,4.94,24.96,0.79,9.12,14.80,2.94,3.54,90.29,91.40,5.40,0.10,3.20,0.10,1.30,1.20
3.09,830.26,0.00,39.40,8.80,20893.00,18380.00,3.93,1.29,0.86,0.78,1.01,3.93,0.27,2.61,1.48,1.09,1.25,72.16,33.60,66.70,0.10,0.00,0.00,0.40,0.00
0.77,416.71,0.00,42.30,13.30,46250.00,32500.00,8.41,1.56,1.56,4.36,0.93,8.41,0.00,9.03,11.53,6.23,8.10,68.22,100.00,0.00,0.00,0.00,0.00,0.00,0.00
3.35,255.74,1.00,50.60,28.40,16385.00,25132.00,9.33,3.27,1.75,3.97,0.35,9.33,0.00,5.60,2.68,2.80,8.98,59.98,59.00,42.00,0.20,0.00,0.00,1.20,0.00
2.53,1131.09,0.00,42.60,19.80,100329.00,44438.00,38.45,18.03,8.30,6.06,6.06,38.45,1.72,8.65,15.02,3.33,4.69,90.16,54.70,32.00,1.10,8.30,0.00,1.60,5.90
2.14,4666.20,0.00,33.50,7.70,114801.00,51670.00,34.30,15.35,8.51,3.16,7.28,34.30,1.36,9.13,16.97,5.36,5.76,92.15,52.60,8.70,4.30,54.50,18.50,27.50,1.80
0.90,3705.56,0.50,37.20,14.80,73654.00,30581.00,16.40,5.58,3.69,2.46,4.68,16.40,0.60,18.65,10.49,9.54,7.29,82.01,14.00,1.50,2.00,88.10,19.70,19.30,0.80
1.85,6148.95,0.00,37.20,15.30,95625.00,32375.00,14.18,6.12,3.28,1.87,2.91,14.18,0.42,18.79,12.84,7.90,10.59,84.59,31.20,2.40,1.70,77.00,27.80,27.50,2.90
7.45,246.91,0.00,35.70,11.20,95208.00,41083.00,28.32,11.41,4.46,2.55,9.89,28.32,1.20,15.98,14.46,9.40,6.03,91.68,66.00,0.00,0.20,39.60,21.90,21.60,2.20
263.40,23.94,0.00,49.00,22.20,80581.00,41581.00,37.82,18.41,5.42,5.23,8.75,37.82,0.71,11.94,13.71,5.76,4.90,95.61,79.70,1.60,3.00,28.20,15.50,19.80,1.50
1.08,520.37,0.50,45.10,4510.00,31339.00,15069.00,8.36,4.63,0.00,2.49,1.25,8.36,0.00,6.23,6.58,4.63,7.30,87.19,99.90,0.00,0.10,0.00,0.00,0.00,0.00
0.29,1011.61,0.00,38.50,18.50,46750.00,26019.00,6.80,0.34,0.68,4.76,1.02,6.80,0.00,12.93,14.63,7.48,10.88,81.63,91.10,0.00,1.80,0.00,0.00,1.80,8.90
4.02,1484.33,0.50,41.00,18.20,50655.00,30565.00,9.62,3.47,1.01,2.87,2.28,9.62,0.82,9.30,13.56,8.76,13.49,81.01,95.60,0.60,2.20,0.80,0.00,3.60,4.70
0.38,706.12,0.00,49.30,26.10,46000.00,30500.00,6.74,1.87,2.25,1.12,1.50,6.74,0.00,9.36,12.73,9.36,17.60,88.76,94.60,0.00,5.10,0.60,0.00,1.50,1.20
2.27,1286.78,1.00,46.60,27.00,52023.00,31426.00,20.54,7.12,2.60,6.54,4.28,20.54,1.03,9.59,11.88,6.95,9.96,87.95,97.30,1.50,0.00,1.60,0.00,0.80,0.30
9.08,213.22,0.50,35.00,15.80,25847.00,20927.00,12.96,3.31,1.60,5.37,2.69,12.96,0.00,16.89,9.56,0.67,5.89,75.83,29.80,72.10,1.50,0.00,0.00,5.30,1.90
1.87,1057.25,0.50,44.60,24.10,46798.00,30791.00,17.00,6.83,4.00,3.14,3.04,17.00,1.16,13.31,10.53,5.36,11.99,88.92,99.60,0.00,0.00,1.70,1.40,1.70,0.00
2.44,640.57,0.00,46.10,20.70,54722.00,33750.00,19.00,6.97,1.02,5.82,5.18,19.00,0.00,11.07,14.97,4.86,11.90,87.20,99.10,0.00,2.40,0.00,0.50,2.40,0.40
41.71,1060.25,1.00,37.80,17.50,35985.00,22544.00,12.75,4.31,2.36,2.95,3.13,12.75,0.62,13.02,11.32,4.18,10.40,82.32,82.10,17.80,0.70,1.50,0.00,4.00,2.00
6.54,1081.50,0.00,29.20,17.50,42857.00,21807.00,15.01,4.58,4.62,3.82,1.99,15.01,0.65,10.90,11.34,3.03,17.25,85.78,98.50,1.10,1.30,1.80,0.20,3.00,0.20
11.82,1050.85,1.00,36.60,15.70,49522.00,30735.00,13.86,4.96,3.45,2.88,2.58,13.86,0.95,11.57,13.52,4.44,14.08,84.66,95.70,4.10,0.60,0.40,0.10,1.80,1.10
8.90,1131.35,0.50,41.70,19.40,40197.00,29208.00,16.98,6.97,3.03,2.21,4.77,16.98,0.00,9.08,6.79,3.91,12.06,25.51,94.00,4.20,0.60,1.60,0.10,1.30,0.70
4.39,908.51,0.00,47.10,25.20,48867.00,31059.00,21.32,6.31,4.71,5.89,4.41,21.32,2.08,9.24,14.18,6.14,10.55,85.92,97.10,3.20,1.50,0.70,0.00,2.50,0.00
0.49,591.39,0.00,34.20,17.70,53750.00,39432.00,12.67,6.51,2.74,2.40,1.03,12.67,0.00,11.64,11.30,10.62,11.99,89.38,99.30,3.90,0.00,0.50,0.00,3.70,0.00
0.70,332.22,0.50,31.80,8.90,82500.00,42500.00,22.51,12.55,1.30,4.33,4.33,22.51,2.16,8.23,19.05,6.49,16.88,93.94,99.70,1.70,0.00,0.30,0.00,1.70,0.00
0.36,1344.00,1.00,44.90,15.40,52292.00,28750.00,8.70,4.14,2.07,1.24,1.24,8.70,0.41,12.42,15.11,4.14,13.87,89.23,97.50,0.00,1.70,0.50,0.00,1.70,2.00
1.03,230.44,0.00,38.70,10.90,59091.00,40298.00,8.82,2.52,1.68,2.10,2.52,8.82,0.84,13.87,10.08,17.65,19.75,92.02,100.00,0.00,0.00,0.00,0.00,0.00,0.00
0.18,456.35,1.00,53.50,17.20,43125.00,31250.00,9.76,1.22,6.10,0.00,2.44,9.76,2.44,9.76,18.29,23.17,1.22,95.12,100.00,0.00,0.00,0.00,0.00,0.00,0.00
1.34,618.26,0.00,32.20,11.40,74167.00,44602.00,33.41,18.04,6.78,6.30,2.30,33.41,0.73,7.99,15.86,6.17,8.23,93.46,99.20,0.00,0.80,0.20,0.00,0.50,0.30
2.27,181.50,0.50,38.50,20.40,36635.00,27083.00,22.82,9.47,1.21,8.50,3.64,22.82,2.18,6.31,9.47,13.59,5.58,84.22,85.70,0.00,0.00,0.00,0.00,0.40,14.70
2.39,1029.24,0.50,39.60,18.00,36808.00,25375.00,16.84,4.50,1.91,6.57,3.86,16.84,0.37,7.14,13.64,7.95,11.16,83.36,97.90,2.60,3.00,0.80,0.00,5.30,1.00
0.35,182.04,0.00,26.50,3.30,38750.00,19688.00,1.56,1.56,0.00,0.00,0.00,1.56,0.00,15.63,12.50,18.75,18.75,65.63,100.00,0.00,0.00,0.00,0.00,0.00,0.00
342.00,0.32,0.00,27.90,23.00,27656.00,28750.00,0.93,0.00,0.00,0.00,0.93,0.93,0.00,4.63,2.78,6.48,7.41,81.48,96.00,0.00,4.00,0.00,0.00,0.00,0.00
2.10,357.14,0.50,43.80,24.60,34875.00,23750.00,15.73,7.60,0.40,5.87,1.87,15.73,0.67,10.40,11.73,5.33,7.33,80.93,98.10,1.90,1.70,0.00,0.00,1.70,0.00
3.35,732.32,0.00,43.50,19.20,34929.00,22325.00,9.70,3.42,3.34,1.10,1.83,9.70,0.00,8.19,7.86,6.03,8.19,81.42,94.20,4.90,0.50,0.00,0.00,1.70,2.00
14.04,1193.80,1.00,28.80,12.20,40127.00,20359.00,19.05,6.45,3.45,3.34,5.81,19.05,0.57,13.84,11.77,3.35,5.87,84.84,52.40,46.10,0.50,2.00,0.10,1.30,0.20
8.40,1273.21,0.50,35.80,11.80,48039.00,23400.00,14.72,4.43,2.50,3.14,4.65,14.72,1.75,19.09,15.52,5.93,11.32,86.35,15.10,84.00,0.10,0.60,0.10,0.50,0.40
47.70,1267.15,0.50,35.40,14.60,41538.00,26201.00,25.72,8.05,4.72,5.07,7.88,25.72,0.68,14.33,12.91,5.10,6.71,89.55,48.20,50.50,1.20,2.20,0.00,2.60,0.80
2.53,1896.63,0.00,37.70,15.20,45631.00,34388.00,10.09,2.99,1.55,2.67,2.88,10.09,1.40,11.99,9.94,8.58,12.86,75.03,60.00,38.90,3.20,1.90,0.00,5.90,1.90
14.01,991.79,0.00,40.70,20.00,38745.00,22271.00,22.48,8.15,2.61,3.37,8.36,22.48,0.39,8.48,13.16,2.99,3.03,89.79,94.00,3.10,1.00,3.50,0.60,2.30,0.20
52.76,298.56,0.00,41.70,17.00,68271.00,34412.00,32.84,14.98,4.66,4.61,8.60,32.84,2.09,13.88,14.07,6.13,6.60,91.07,98.00,2.30,0.40,1.30,0.00,2.10,0.20
15.07,394.82,0.50,40.80,22.20,41308.00,26426.00,27.75,8.76,2.30,3.39,13.29,27.75,1.08,10.89,12.30,5.13,8.35,91.19,97.60,1.50,1.70,1.40,0.20,2.40,0.20
65.74,281.88,0.00,39.70,16.80,48924.00,32964.00,25.06,11.34,4.43,3.46,5.82,25.06,0.92,12.45,13.52,4.88,8.48,88.08,96.00,2.60,5.10,2.00,0.10,6.40,1.20
1.20,3949.04,1.00,36.70,16.00,91923.00,45058.00,26.42,8.10,7.49,2.94,7.89,26.42,0.61,14.89,10.98,5.73,6.52,88.17,8.40,88.90,0.70,0.80,0.10,3.00,4.30
4.84,4169.90,0.50,35.00,9.10,75268.00,45415.00,38.71,19.30,7.66,3.31,8.44,38.71,2.07,11.80,15.19,5.63,6.53,86.65,33.50,53.40,0.90,8.30,0.00,3.70,8.10
13.64,3944.43,0.50,37.90,16.80,105376.00,55788.00,60.39,35.87,7.89,3.76,12.87,60.39,1.64,8.49,11.24,2.70,2.28,94.20,59.90,12.80,0.60,23.80,0.40,5.10,7.80
2.09,6604.78,1.00,38.60,11.20,86439.00,42187.00,52.31,25.10,5.39,2.37,19.45,52.31,2.85,11.60,8.74,3.22,6.23,87.80,52.80,38.00,0.70,7.10,0.60,5.20,6.10
38.44,3991.31,0.50,34.90,13.30,46407.00,31945.00,25.92,14.19,3.84,1.98,5.91,25.92,0.95,12.49,11.90,3.21,7.59,87.56,72.70,15.60,1.20,8.30,0.20,4.30,6.60
23.87,1927.57,0.50,40.20,17.50,49434.00,32314.00,15.87,7.43,3.17,1.83,3.44,15.87,1.31,12.89,13.46,4.57,9.21,82.23,88.00,5.60,0.60,2.70,0.10,2.30,5.30
42.46,843.12,1.00,43.70,19.10,48555.00,31756.00,24.69,11.01,3.66,3.40,6.62,24.69,1.32,14.86,14.36,4.13,6.96,87.32,89.90,7.60,0.80,2.20,0.10,3.20,2.70
27.77,1289.16,0.50,40.90,14.90,74255.00,43584.00,28.48,12.96,5.76,3.13,6.63,28.48,0.67,9.90,15.53,4.73,8.43,86.27,90.10,4.40,0.30,5.10,0.10,2.10,2.10
6.05,1241.98,1.00,30.90,16.30,33135.00,18953.00,15.08,4.35,2.65,4.70,3.38,15.08,0.41,14.49,9.48,3.77,6.96,94.29,95.30,3.70,1.10,0.30,0.00,1.10,0.70
4.64,1548.71,0.50,21.80,8.10,24133.00,7355.00,21.72,13.62,1.74,2.06,4.30,21.72,1.93,9.89,7.40,1.04,3.63,96.44,84.80,3.70,1.70,11.20,0.00,2.40,1.10
6.71,1121.16,0.50,37.10,11.00,61691.00,37422.00,16.74,5.26,4.64,3.99,2.84,16.74,0.62,8.99,13.61,6.85,10.65,85.42,92.90,5.20,1.00,0.20,0.00,1.40,2.10
2.20,4750.11,0.00,41.10,17.90,67237.00,47014.00,33.78,15.55,6.80,3.99,7.44,33.78,1.87,10.36,11.93,4.29,6.93,92.39,94.90,2.00,0.70,2.50,0.10,1.90,1.70
0.51,253.25,0.50,56.30,32.40,37679.00,31771.00,8.53,3.88,0.78,1.55,2.33,8.53,0.00,12.40,5.43,8.53,13.18,87.60,100.00,0.00,0.00,0.00,0.00,0.00,0.00
1.26,84.92,0.00,35.90,10.80,76667.00,38500.00,14.95,8.41,2.80,2.80,0.93,14.95,0.00,10.28,13.08,2.80,20.56,91.59,100.00,0.00,0.00,0.00,0.00,2.50,2.50
0.07,1351.11,1.00,52.50,13.20,62500.00,25625.00,1.05,1.05,0.00,0.00,0.00,1.05,0.00,14.74,26.32,6.32,21.05,93.68,100.00,0.00,0.00,0.00,0.00,0.00,0.00
0.70,188.40,1.00,30.00,8.20,40625.00,12386.00,6.87,6.87,0.00,0.00,0.00,6.87,0.00,15.27,6.11,6.11,17.56,79.39,88.00,8.90,10.80,0.00,0.00,7.60,0.00
2.42,635.69,1.00,33.90,13.50,29722.00,31209.00,11.76,6.11,2.47,1.36,1.82,11.76,0.00,4.29,5.85,2.40,11.76,75.18,20.00,80.00,0.00,0.10,0.00,0.10,0.00
4.48,713.97,1.00,39.20,18.30,28882.00,22038.00,12.08,4.51,4.63,1.22,1.72,12.08,0.19,9.23,10.74,2.88,12.30,79.28,28.30,67.10,0.20,2.40,0.00,0.20,2.20
8.66,864.32,1.00,32.90,14.30,29076.00,20665.00,17.19,3.97,3.87,5.57,3.78,17.19,0.59,7.55,12.41,3.43,11.24,73.11,17.30,81.20,1.50,0.10,0.00,0.40,0.30
25.62,806.71,1.00,27.00,10.80,33942.00,18415.00,32.04,16.34,4.12,4.69,6.89,32.04,0.24,9.96,9.47,2.12,4.06,91.01,58.60,38.00,0.80,4.40,0.20,2.10,0.40
1.75,781.59,0.00,35.50,22.90,38906.00,28750.00,9.44,2.78,1.68,3.07,1.90,9.44,1.17,12.73,12.80,7.17,12.00,81.27,98.90,1.30,1.60,1.10,0.00,2.70,0.00
0.33,1606.10,0.00,36.10,10.40,52708.00,33092.00,17.08,11.95,0.76,1.52,2.85,17.08,1.33,12.90,11.20,3.42,25.24,87.48,98.50,2.10,1.10,0.30,1.10,2.00,0.00
1.16,586.36,1.00,37.30,20.20,33200.00,21071.00,6.48,2.50,0.74,1.77,1.47,6.48,0.29,11.19,6.92,10.60,12.37,86.45,97.50,1.30,0.00,0.00,0.00,2.50,3.70
0.26,200.48,0.00,59.50,22.00,46875.00,28750.00,17.31,3.85,0.00,13.46,0.00,17.31,0.00,7.69,5.77,9.62,3.85,73.08,100.00,0.00,0.00,10.20,0.00,10.20,0.00
1.38,532.61,0.00,41.60,23.90,40292.00,24185.00,15.65,4.08,4.63,5.31,1.63,15.65,0.00,12.79,13.61,6.26,7.35,93.33,98.50,2.00,0.50,0.90,0.00,2.00,0.00
0.63,1435.63,0.50,43.40,24.50,41750.00,31265.00,14.60,1.33,1.44,7.52,4.31,14.60,0.00,9.18,14.93,12.94,5.75,81.31,96.70,0.00,3.30,0.00,0.70,0.70,0.00
0.33,242.65,0.00,64.70,46.10,44375.00,14861.00,12.50,3.75,2.50,6.25,0.00,12.50,1.25,15.00,7.50,11.25,7.50,92.50,100.00,0.00,0.00,0.00,0.00,0.00,0.00
4.70,810.33,0.50,37.10,22.00,36272.00,19811.00,25.11,12.10,2.44,3.44,7.14,25.11,1.10,13.51,12.96,4.91,5.88,90.19,78.70,1.80,23.30,0.80,0.00,5.70,1.00
1.49,1063.09,0.50,43.70,21.40,55156.00,33603.00,19.13,6.94,5.05,4.73,2.40,19.13,0.82,11.55,15.78,9.47,11.36,85.04,98.60,0.20,3.00,0.60,0.00,2.40,0.00
14.73,1816.84,0.00,31.50,13.10,53790.00,26033.00,27.81,9.43,5.95,6.39,6.04,27.81,1.78,14.35,17.21,5.70,10.93,91.87,93.70,2.30,0.80,2.60,0.00,2.70,3.00
3.35,977.60,0.00,40.60,23.10,43363.00,31409.00,17.08,7.82,2.11,4.71,2.44,17.08,1.65,12.44,8.77,8.55,11.15,90.59,96.20,0.40,7.40,0.30,0.00,4.30,0.00
0.82,521.75,0.00,52.50,30.80,41071.00,24792.00,14.25,4.44,3.74,5.14,0.93,14.25,0.93,11.21,10.51,6.31,8.41,92.52,98.60,1.40,0.00,0.00,0.00,0.00,0.00
0.78,1088.90,0.00,39.30,23.40,51000.00,32684.00,16.25,2.71,2.24,8.24,3.06,16.25,0.35,6.60,12.25,11.31,15.78,86.57,93.90,3.20,0.40,0.90,0.00,1.20,2.80
10.44,162.84,1.00,38.90,9.40,79740.00,42500.00,4.12,2.47,0.00,0.47,1.18,4.12,0.00,8.18,7.65,19.35,13.12,89.00,89.70,2.70,4.60,1.10,0.00,0.70,2.50
32.03,477.71,0.50,60.20,40.70,50597.00,26378.00,21.74,8.01,4.05,5.57,4.11,21.74,0.28,11.50,7.83,3.66,5.12,85.26,88.60,1.10,1.20,3.30,0.30,1.90,7.50
29.46,81.74,1.00,38.90,20.80,36047.00,27568.00,11.88,8.26,0.46,1.66,1.50,11.88,0.91,16.45,9.97,3.74,8.89,72.26,70.00,1.70,8.50,0.50,0.00,0.80,20.20
208.30,63.46,0.50,52.80,30.40,60870.00,34300.00,27.49,14.42,3.86,4.86,4.35,27.49,0.63,12.87,9.58,3.87,4.75,91.95,95.60,0.60,2.10,3.50,1.30,3.90,1.50
10.00,972.20,0.50,39.20,13.40,64786.00,35530.00,22.67,10.47,4.57,2.32,5.31,22.67,0.91,11.68,15.82,6.07,12.08,88.53,87.20,3.70,0.00,9.90,0.10,3.50,2.80
44.05,239.27,0.00,41.20,16.90,48099.00,33348.00,17.44,6.87,3.77,3.21,3.60,17.44,0.94,10.03,16.53,4.37,13.44,87.16,97.10,2.90,0.10,1.00,0.00,1.00,0.00
29.17,244.81,0.00,45.90,19.30,50750.00,31057.00,15.75,5.35,3.00,3.64,3.77,15.75,0.48,11.13,15.10,6.72,11.99,89.60,98.30,1.00,0.40,1.00,0.00,1.10,0.30
16.82,1115.64,0.00,40.30,18.10,78027.00,44391.00,49.97,21.58,9.98,3.89,14.52,49.97,1.43,9.66,15.03,2.53,4.82,92.42,91.60,3.70,1.40,5.90,0.30,3.40,0.50
0.76,2463.87,1.00,43.40,12.80,50848.00,33050.00,17.21,7.11,2.19,1.82,6.09,17.21,1.12,11.92,11.70,5.18,11.38,86.80,70.60,31.50,1.60,1.40,0.30,13.00,8.40
0.97,3397.87,0.50,37.80,17.10,72879.00,48131.00,33.58,15.53,4.70,4.70,8.64,33.58,1.21,8.25,17.41,5.16,6.19,90.78,81.90,13.80,0.20,4.70,0.00,1.60,1.10
6.29,3877.58,1.00,37.10,15.10,58232.00,30635.00,24.72,11.07,4.64,3.39,5.62,24.72,1.33,14.77,13.36,9.52,5.67,80.82,69.60,16.50,0.60,3.00,0.00,2.70,13.10
2.16,11677.78,0.00,36.20,11.20,57161.00,38359.00,17.06,6.67,4.52,2.14,3.73,17.06,1.49,10.99,14.42,8.32,10.79,83.96,86.50,5.70,0.70,3.50,0.10,3.40,6.90
16.70,621.56,1.00,34.40,19.50,23633.00,16477.00,11.59,3.71,2.14,3.28,2.47,11.59,0.39,12.78,7.42,6.93,8.03,65.80,90.10,2.20,1.40,1.00,0.20,0.40,5.50
6.93,229.00,0.00,35.20,14.90,31974.00,29023.00,9.70,4.47,1.01,1.32,2.90,9.70,0.38,15.63,15.31,4.54,5.10,79.46,93.10,0.00,8.80,0.00,0.00,3.70,1.80
103.70,714.73,0.50,39.80,16.90,63014.00,33677.00,25.70,10.33,7.08,3.37,4.91,25.70,1.20,10.14,15.72,5.77,4.81,92.37,84.20,4.00,3.90,3.10,0.50,4.60,9.30
9.51,388.22,0.50,40.50,22.60,23486.00,17350.00,10.48,4.60,0.89,2.06,2.93,10.48,0.87,11.84,10.40,4.31,3.44,80.12,88.10,2.80,2.50,1.50,0.60,0.90,5.80
5.28,2266.77,0.00,39.20,19.60,48190.00,28882.00,20.31,6.78,3.29,4.44,5.80,20.31,0.75,12.92,13.71,3.28,8.64,87.10,91.40,7.90,1.20,1.10,0.00,3.80,2.20
4.82,1378.01,0.50,38.50,17.70,65323.00,30397.00,21.35,8.84,2.95,4.73,4.83,21.35,0.60,13.75,13.67,3.03,12.03,88.17,92.90,5.80,0.20,2.00,0.00,2.90,2.00
3.99,952.13,1.00,43.30,19.50,40641.00,22500.00,23.01,9.21,1.97,5.16,6.66,23.01,1.11,12.82,12.50,4.32,7.71,87.58,97.80,1.10,0.20,0.90,0.00,0.20,0.20
6.59,2620.94,0.00,29.40,16.00,45696.00,22025.00,20.55,8.74,2.96,4.76,4.09,20.55,1.07,12.15,14.18,2.29,7.68,89.01,89.70,5.60,1.30,3.90,0.20,2.50,2.00
7.62,903.54,0.50,42.30,22.00,30689.00,22097.00,18.34,6.46,3.49,4.11,4.28,18.34,0.64,10.14,9.92,4.26,9.32,77.69,53.10,43.30,4.00,1.80,0.00,4.20,3.30
6.85,1126.21,1.00,42.70,21.60,29592.00,22813.00,14.80,4.64,3.20,3.10,3.85,14.80,0.34,10.18,10.44,4.05,8.16,80.31,51.60,43.00,1.30,0.20,0.00,1.10,5.00
112.60,1880.83,0.50,34.10,12.20,55851.00,34857.00,43.21,23.51,5.23,3.69,10.78,43.21,1.39,11.23,11.60,4.41,6.04,91.84,50.70,41.00,0.90,6.30,0.10,2.90,4.10
18.14,849.56,0.50,23.30,4.70,49138.00,25301.00,10.69,4.23,2.39,1.40,2.67,10.69,0.42,11.63,8.88,4.89,5.23,94.06,72.40,22.60,2.60,4.20,0.60,6.10,4.10
1.00,180.00,0.00,27.90,12.30,49063.00,31250.00,12.78,6.11,1.11,5.56,0.00,12.78,1.11,12.22,11.11,12.22,10.56,92.22,100.00,0.00,0.00,0.00,0.00,0.00,0.00
0.18,962.78,0.00,42.70,9.00,59500.00,44659.00,11.56,3.47,2.31,1.16,4.62,11.56,0.00,10.40,10.40,13.87,10.98,85.55,100.00,0.00,1.30,0.00,0.00,1.30,0.00
0.35,603.02,0.00,30.70,8.30,69519.00,48750.00,12.26,4.25,1.42,0.94,5.66,12.26,0.00,9.43,8.02,7.08,17.92,89.62,97.90,0.00,0.30,1.00,0.00,1.40,2.40
9.05,1932.63,1.00,35.10,17.70,35020.00,20734.00,14.24,5.87,2.15,2.89,3.31,14.24,0.72,12.07,11.09,3.59,11.79,85.79,89.80,10.90,0.80,1.50,0.00,4.10,1.20
3.59,1559.61,0.50,38.70,17.40,49711.00,27945.00,13.38,4.50,3.02,3.64,2.21,13.38,1.39,10.84,13.97,5.50,16.77,85.98,95.30,1.00,1.50,0.10,0.00,1.20,3.20
16.80,340.48,0.00,49.50,21.80,88537.00,46766.00,37.01,14.21,10.38,6.22,6.19,37.01,0.70,6.64,10.33,3.48,7.97,90.40,98.40,1.10,0.50,2.10,0.80,2.00,0.00
6.58,1050.30,0.50,40.20,20.00,46881.00,30685.00,14.09,5.59,2.59,3.34,2.58,14.09,0.30,11.01,8.45,4.18,19.07,88.19,95.70,2.10,0.50,0.30,0.00,2.30,3.60
19.81,700.10,0.50,31.60,14.60,38736.00,26463.00,23.54,8.55,4.10,5.49,5.40,23.54,0.54,11.49,12.94,5.02,6.39,85.94,82.30,6.00,25.00,2.80,0.20,17.10,1.90
3.59,448.75,0.50,37.30,16.20,40833.00,31652.00,12.35,5.34,2.92,3.60,0.50,12.35,0.00,10.06,8.07,5.96,7.64,82.93,85.40,5.90,31.50,0.40,0.60,23.70,0.80
79.84,184.03,1.00,34.60,12.30,48842.00,25753.00,11.66,4.05,2.81,2.30,2.50,11.66,1.07,11.71,13.87,5.69,10.32,82.39,72.60,7.30,15.70,1.00,0.10,5.80,9.70
5.58,976.52,1.00,41.20,22.60,43613.00,26573.00,11.23,3.84,2.24,3.41,1.74,11.23,0.92,7.60,10.06,7.80,10.33,81.42,92.60,0.50,12.20,0.00,0.00,7.60,2.30
17.75,2355.32,1.00,36.80,15.30,55263.00,31879.00,23.16,11.12,4.02,3.43,4.59,23.16,0.66,9.98,13.60,5.36,9.04,87.93,92.00,1.80,2.30,2.70,0.40,4.40,5.40
23.64,3638.75,0.50,36.60,13.50,52303.00,29525.00,17.61,8.26,2.26,3.02,4.06,17.61,0.72,12.71,13.39,5.85,10.97,82.56,84.10,7.60,3.10,6.00,1.20,6.00,4.60
15.90,823.71,1.00,41.20,22.00,43779.00,26315.00,16.18,7.89,2.09,2.57,3.62,16.18,0.55,13.32,11.13,3.66,7.01,83.68,92.80,1.90,5.10,3.60,1.40,6.70,3.00
2.04,1898.28,1.00,29.10,11.10,26532.00,20752.00,8.83,3.83,0.98,0.83,3.18,8.83,0.00,20.35,12.66,2.64,7.97,85.45,38.60,68.00,1.20,0.30,0.00,11.90,4.10
19.37,4021.32,1.00,35.80,16.10,36882.00,24018.00,18.25,7.05,3.00,3.52,4.68,18.25,0.80,14.74,11.19,3.45,9.31,84.61,77.20,20.10,0.80,3.50,0.10,4.20,2.80
4.80,1073.13,0.50,45.00,20.50,38965.00,26691.00,19.80,8.06,3.42,5.42,2.91,19.80,1.07,11.78,8.95,4.87,8.15,81.42,97.30,2.50,0.80,0.90,0.00,1.50,0.50
0.96,514.71,0.00,42.60,22.40,38889.00,32250.00,12.58,6.49,0.00,5.07,1.01,12.58,2.84,9.13,8.72,9.33,8.11,80.73,98.50,1.50,0.00,0.00,0.00,0.00,0.00
20.60,6988.06,1.00,30.60,11.70,42158.00,25786.00,22.78,11.00,4.26,1.92,5.60,22.78,1.21,13.25,11.69,3.18,8.95,83.28,57.30,18.30,2.10,7.40,0.40,4.40,19.20
30.02,2235.34,0.50,38.10,15.10,66283.00,38487.00,28.93,12.10,5.35,3.30,8.18,28.93,1.37,11.32,15.00,3.20,7.37,90.57,82.10,8.00,1.10,7.20,0.60,3.60,4.80
7.94,4214.23,1.00,37.20,13.70,39932.00,31149.00,14.38,6.19,3.19,1.65,3.35,14.38,0.82,11.73,11.83,5.25,11.13,77.85,78.90,11.80,1.90,6.70,0.00,4.40,5.10
7.99,424.66,0.50,39.10,17.50,26250.00,21298.00,8.90,1.65,1.89,2.42,2.95,8.90,0.00,15.12,12.56,4.39,6.28,77.69,41.30,58.20,1.90,0.00,0.00,1.20,0.20
2.14,602.89,1.00,38.70,14.80,53750.00,30929.00,17.65,5.03,3.02,8.05,1.55,17.65,0.46,8.75,8.82,4.26,9.75,81.97,84.50,13.20,0.00,1.80,0.00,0.80,1.50
5.44,693.38,0.00,56.20,30.60,112287.00,47094.00,65.93,30.67,14.34,6.89,14.02,65.93,0.77,5.99,11.56,1.78,3.05,97.85,97.10,0.30,0.70,3.60,0.00,2.90,1.10
9.02,1176.48,1.00,29.90,14.00,27881.00,18075.00,19.60,7.64,2.43,5.21,4.32,19.60,0.47,10.39,9.70,1.60,8.00,86.66,23.00,75.80,0.50,0.60,0.60,2.20,2.10
1.46,251.37,0.00,50.30,27.10,40313.00,20795.00,16.39,5.19,1.37,7.65,2.19,16.39,1.64,16.39,8.47,3.55,7.10,80.87,55.80,0.20,49.20,0.00,0.00,5.00,0.00
0.56,895.64,0.00,50.80,32.60,37500.00,26250.00,28.34,8.38,6.19,5.99,7.78,28.34,0.00,7.39,15.57,3.59,1.80,91.82,93.20,0.00,7.60,0.00,0.00,2.10,1.30
0.76,253.91,1.00,26.70,10.70,45724.00,30625.00,10.82,5.67,1.55,2.58,1.03,10.82,0.00,9.79,14.43,26.29,5.15,90.21,92.10,0.00,7.90,0.00,0.00,0.00,0.00
3.09,150.21,0.00,40.60,19.40,50909.00,30398.00,12.28,3.23,3.45,1.94,3.66,12.28,1.94,9.48,12.72,14.44,15.95,84.27,99.10,0.20,4.00,0.70,0.00,4.00,0.00
7.96,439.93,0.00,44.20,18.60,159167.00,71133.00,73.15,27.19,17.65,6.88,21.42,73.15,3.08,4.86,12.57,1.29,0.89,95.14,96.30,0.60,1.00,2.60,0.00,0.30,0.00
24.82,1027.68,1.00,31.50,7.20,60902.00,32019.00,17.15,6.96,4.21,2.49,3.49,17.15,1.76,10.76,13.86,6.82,16.45,80.80,68.00,24.50,0.70,2.70,0.00,3.10,7.30
35.95,776.41,1.00,30.00,14.70,36341.00,23011.00,22.20,9.74,4.40,4.16,3.90,22.20,0.85,11.23,12.18,2.88,7.43,87.75,92.50,5.00,0.90,2.50,0.10,2.20,1.50
18.44,851.52,0.50,33.10,12.20,39665.00,24819.00,9.62,3.29,1.30,2.44,2.59,9.62,0.46,10.29,12.74,6.74,20.93,75.26,75.20,18.00,0.70,0.10,0.60,4.80,10.20
9.29,1407.43,1.00,32.70,13.20,60293.00,26912.00,13.77,6.21,2.15,3.14,2.28,13.77,0.71,13.20,10.00,9.62,10.37,71.32,68.20,15.70,1.90,0.70,0.10,3.50,16.80
4.14,472.55,1.00,29.80,14.60,45179.00,24423.00,6.35,1.13,0.00,3.07,2.15,6.35,0.00,15.35,14.79,14.43,8.60,76.56,90.50,1.70,0.70,0.00,0.00,0.00,7.10
4.73,299.37,0.50,36.10,14.90,44457.00,29500.00,6.78,1.91,2.33,1.20,1.34,6.78,0.71,14.76,7.27,8.55,11.58,78.39,84.90,12.50,3.40,0.60,0.00,2.10,0.70
1.51,935.59,0.50,33.40,14.90,40521.00,32150.00,7.03,2.13,1.35,3.12,0.43,7.03,0.35,6.74,8.09,13.98,13.84,60.68,92.50,6.00,1.00,0.00,0.00,3.00,3.50
7.14,1022.69,0.00,31.40,7.90,91330.00,39737.00,21.84,9.53,4.70,3.22,4.40,21.84,0.47,11.50,16.06,6.81,8.50,87.20,89.00,0.50,2.10,4.90,1.80,3.50,5.60
2.24,456.62,0.50,33.70,11.70,48125.00,25804.00,12.54,3.62,2.55,2.25,4.11,12.54,2.84,9.70,10.48,9.89,5.58,88.74,99.00,0.00,0.80,0.10,0.00,0.00,0.00
37.59,184.78,0.50,30.40,8.60,69926.00,38333.00,20.21,8.28,5.37,2.99,3.57,20.21,1.35,7.82,13.17,8.72,14.56,86.99,95.30,0.60,1.90,2.30,1.50,2.20,0.60
4.57,912.69,0.00,31.80,13.20,61543.00,25894.00,14.50,5.73,2.85,2.85,3.07,14.50,0.79,12.32,15.63,11.22,10.88,85.97,95.80,0.10,3.40,0.30,0.40,3.60,3.60
60.50,89.22,0.50,35.10,12.60,53113.00,34852.00,27.57,10.34,5.24,3.13,8.86,27.57,2.13,13.80,12.62,3.95,7.69,89.57,92.80,4.60,3.00,1.50,0.00,5.20,3.30
3.98,1767.34,0.50,41.40,18.20,39187.00,33750.00,21.01,7.51,3.80,3.26,6.45,21.01,0.00,11.73,13.07,4.36,5.81,84.02,98.60,1.70,0.80,0.50,0.00,1.70,0.00
15.49,2439.90,0.00,27.10,11.70,50324.00,19596.00,30.77,15.78,3.14,2.24,9.61,30.77,1.35,14.02,13.25,2.39,5.27,91.60,87.40,6.50,1.00,7.30,0.30,2.70,0.40
1.51,4145.31,0.50,31.90,11.10,49663.00,31236.00,27.63,15.60,2.17,1.00,8.86,27.63,2.07,13.26,9.72,2.58,10.79,80.00,80.10,3.60,1.00,15.10,0.00,1.50,1.70
7.82,1780.43,1.00,40.30,20.50,53716.00,31674.00,20.36,7.93,4.35,4.28,3.80,20.36,0.69,8.80,13.36,4.75,7.69,88.38,79.00,16.40,1.30,4.60,0.20,3.20,1.70
6.97,600.23,1.00,38.40,16.30,30857.00,24857.00,11.64,3.63,2.94,1.79,3.28,11.64,0.00,8.25,8.13,3.90,13.55,74.04,29.40,72.70,2.70,0.30,0.00,4.10,0.20
96.40,2089.50,1.00,30.70,11.20,49146.00,27410.00,21.20,9.86,3.52,2.13,5.69,21.20,0.88,11.14,11.36,5.80,6.27,86.47,50.30,44.20,1.50,4.80,0.40,4.30,3.50
22.94,1116.35,1.00,38.70,16.40,36135.00,26245.00,15.49,5.81,2.90,2.60,4.18,15.49,0.48,12.42,11.60,2.80,12.55,80.09,19.00,78.40,0.90,1.40,0.10,1.90,2.30
8.84,1044.47,1.00,35.90,12.10,37450.00,26217.00,7.95,3.70,0.79,0.96,2.49,7.95,0.05,10.56,9.80,3.87,12.84,78.73,89.30,2.60,7.50,1.90,0.80,4.90,2.80
2.64,299.89,0.50,52.90,33.30,62727.00,37500.00,10.86,2.65,2.65,5.05,0.51,10.86,1.39,15.15,8.84,4.55,8.33,91.29,78.50,0.00,22.00,0.60,1.80,3.00,0.00
7.76,1730.19,1.00,37.50,19.60,40815.00,24804.00,12.73,5.33,2.49,2.67,2.23,12.73,0.31,12.00,10.77,5.43,9.87,81.68,95.60,1.00,3.30,2.40,1.20,5.70,3.30
10.93,2685.91,1.00,22.00,5.50,30205.00,10013.00,27.91,18.13,2.50,1.62,5.65,27.91,0.78,11.03,7.78,2.50,4.24,96.48,81.40,4.80,2.00,14.90,0.80,5.80,2.60
1.67,1023.35,0.50,49.60,25.10,28909.00,17593.00,11.53,5.50,0.70,3.28,2.05,11.53,0.41,9.83,7.02,7.20,5.85,85.08,97.80,3.10,0.00,2.70,0.00,3.60,0.00
1.00,1834.00,1.00,51.20,25.40,37210.00,27419.00,2.51,0.00,0.60,0.00,1.91,2.51,0.00,12.70,16.85,4.63,11.67,86.37,100.00,0.00,1.20,0.00,0.00,1.20,0.00
10.43,2684.08,1.00,24.60,10.00,41071.00,14094.00,27.95,14.25,3.00,3.14,7.56,27.95,0.50,11.16,9.88,1.56,4.24,94.72,90.20,6.10,0.60,5.00,0.10,2.80,1.20
1.81,1337.02,0.00,50.10,27.30,59116.00,38090.00,31.65,13.39,5.21,7.44,5.62,31.65,1.07,10.74,11.32,4.59,4.05,91.32,99.20,0.80,0.40,0.00,0.00,0.40,0.00
3.31,1162.54,0.00,35.60,16.60,62909.00,39675.00,21.31,9.36,3.61,3.74,4.60,21.31,0.70,12.01,12.27,7.48,11.82,93.09,99.30,1.30,0.10,0.00,1.30,2.00,0.00
8.11,1591.74,0.00,37.80,14.20,59569.00,35823.00,19.96,6.99,3.67,4.34,4.96,19.96,1.16,11.02,14.08,7.48,15.25,89.07,99.10,1.10,0.70,0.40,0.00,1.80,0.60
1.37,719.82,0.00,38.10,19.10,47614.00,29815.00,12.70,4.98,2.74,2.95,2.03,12.70,0.30,9.55,12.50,5.89,17.38,89.74,97.80,3.20,0.40,0.00,0.00,1.70,0.20
9.71,885.48,0.50,37.00,15.60,43003.00,31312.00,12.89,4.71,1.44,3.40,3.34,12.89,0.50,12.89,10.47,5.68,11.78,86.02,92.20,7.60,2.30,0.60,0.00,3.70,1.10
12.70,1122.20,0.00,37.60,18.50,52040.00,33745.00,25.58,11.52,3.84,5.20,5.02,25.58,1.54,12.31,11.72,6.11,6.89,92.04,96.70,1.50,2.20,1.00,0.10,2.00,1.10
4.48,785.63,0.50,45.30,20.80,50242.00,40876.00,29.07,14.22,1.39,10.68,2.78,29.07,1.39,14.28,6.87,8.23,14.40,95.03,90.90,1.20,7.30,0.00,0.50,1.00,1.20
10.33,846.95,0.50,37.00,16.10,51033.00,28652.00,16.30,6.80,1.68,3.07,4.74,16.30,1.49,13.85,14.37,7.26,8.89,86.04,84.00,1.20,14.10,0.20,0.20,4.00,4.70
4.64,873.28,1.00,39.10,17.20,52714.00,27275.00,17.35,5.75,2.02,5.95,3.63,17.35,0.62,9.53,10.91,10.39,11.35,81.22,91.30,1.70,2.70,0.00,0.10,4.10,8.50